{
  "TMA": [
    {
      "id": "t01_seoul",
      "name": "T01 - Seoul TMA",
      "call_sign": "Seoul Approach",
      "vertical_limits": "FL 185 / 1,000 ft AGL",
      "airspace_class": "B, D, E",
      "frequencies": ["119.05", "119.10", "119.75", "124.70", "120.80", "121.35", "121.40", "123.25", "123.80", "124.20", "124.80", "125.15"],
      "color": "#DDA0DD",
      "coordinates": [
        [125.5481, 37.3528], [126.1647, 37.6528], [126.6811, 37.7194],
        [126.8811, 37.6361], [127.6644, 37.9694], [127.6644, 37.2719],
        [127.3978, 37.2528], [127.3144, 37.3028], [127.1478, 37.3028],
        [126.9644, 37.3528], [126.8061, 37.3403], [126.6103, 37.1486],
        [126.5286, 37.1397], [126.3661, 37.0994], [125.8025, 37.0881],
        [125.7981, 37.2694], [125.5481, 37.3528]
      ],
      "floor_ft": 1000,
      "ceiling_ft": 18500
    },
    {
      "id": "t02_seoul",
      "name": "T02 - Seoul TMA",
      "call_sign": "Seoul Approach",
      "vertical_limits": "FL 185 / FL 175",
      "airspace_class": "D",
      "frequencies": ["119.05", "119.10"],
      "color": "#D8BFD8",
      "coordinates": [
        [127.6644, 37.9694], [127.9128, 38.0028], [127.9128, 37.1694],
        [127.7653, 37.1694], [127.6644, 37.1111], [127.6644, 37.9694]
      ],
      "floor_ft": 17500,
      "ceiling_ft": 18500
    },
    {
      "id": "t03_seoul",
      "name": "T03 - Seoul TMA",
      "call_sign": "Seoul Approach",
      "vertical_limits": "FL 185 / 4,500 ft AMSL",
      "airspace_class": "B, D, E",
      "frequencies": ["119.05", "119.10"],
      "color": "#C8A2C8",
      "coordinates": [
        [126.8061, 37.3403], [126.9644, 37.3528], [127.1478, 37.3028],
        [127.3144, 37.3028], [127.3978, 37.2528], [127.1108, 37.2528],
        [126.7261, 37.1594], [126.6103, 37.1486], [126.8061, 37.3403]
      ],
      "floor_ft": 4500,
      "ceiling_ft": 18500
    },
    {
      "id": "t04_seoul",
      "name": "T04 - Seoul TMA",
      "call_sign": "Seoul Approach",
      "vertical_limits": "FL 185 / 6,500 ft AMSL",
      "airspace_class": "D, E",
      "frequencies": ["119.05", "119.10"],
      "color": "#BA8EB8",
      "coordinates": [
        [125.8025, 37.0881], [126.3661, 37.0994], [126.5286, 37.1397],
        [126.7261, 37.1594], [126.9936, 37.2258], [127.0419, 37.0886],
        [126.4811, 36.9694], [126.2764, 37.0139], [125.8064, 36.9397],
        [125.8025, 37.0881]
      ],
      "floor_ft": 6500,
      "ceiling_ft": 18500
    },
    {
      "id": "t05_seoul",
      "name": "T05 - Seoul TMA",
      "call_sign": "Seoul Approach",
      "vertical_limits": "FL 185 / 7,500 ft AMSL",
      "airspace_class": "D, E",
      "frequencies": ["119.05", "119.10"],
      "color": "#AA7AA8",
      "coordinates": [
        [126.9936, 37.2258], [127.1108, 37.2528], [127.3978, 37.2528],
        [127.6644, 37.2719], [127.6644, 37.1775], [127.0419, 37.0886],
        [126.9936, 37.2258]
      ],
      "floor_ft": 7500,
      "ceiling_ft": 18500
    },
    {
      "id": "t06_seoul",
      "name": "T06 - Seoul TMA",
      "call_sign": "Seoul Approach",
      "vertical_limits": "FL 185 / 9,500 ft AMSL",
      "airspace_class": "D, E",
      "frequencies": ["119.05", "119.10"],
      "color": "#9A6A98",
      "coordinates": [
        [126.4811, 36.9694], [127.0419, 37.0886], [127.6644, 37.1775],
        [127.6644, 37.0417], [126.5844, 36.8794], [126.4811, 36.9694]
      ],
      "floor_ft": 9500,
      "ceiling_ft": 18500
    },
    {
      "id": "t07_seoul",
      "name": "T07 - Seoul TMA",
      "call_sign": "Seoul Approach",
      "vertical_limits": "FL 185 / 11,500 ft AMSL",
      "airspace_class": "D",
      "frequencies": ["119.05", "119.10"],
      "color": "#8A5A88",
      "coordinates": [
        [126.5844, 36.8794], [127.6644, 37.0417], [127.6644, 37.0350],
        [126.7703, 36.7203], [126.5844, 36.8794]
      ],
      "floor_ft": 11500,
      "ceiling_ft": 18500,
      "remarks": "50 NM Arc South of Gimpo Airport included"
    },
    {
      "id": "t08_seoul",
      "name": "T08 - Seoul TMA",
      "call_sign": "Seoul Approach",
      "vertical_limits": "FL 185 / 11,500 ft AMSL",
      "airspace_class": "D",
      "frequencies": ["119.05", "119.10"],
      "color": "#7A4A78",
      "coordinates": [
        [126.4314, 36.9847], [126.4811, 36.9694], [126.5844, 36.8794],
        [126.4661, 36.8658], [126.4314, 36.9847]
      ],
      "floor_ft": 11500,
      "ceiling_ft": 18500
    },
    {
      "id": "t09_seoul",
      "name": "T09 - Seoul TMA",
      "call_sign": "Seoul Approach",
      "vertical_limits": "FL 185 / FL 145",
      "airspace_class": "D",
      "frequencies": ["119.05", "119.10"],
      "color": "#6A3A68",
      "coordinates": [
        [126.0397, 36.9808], [126.2764, 37.0139], [126.4314, 36.9847],
        [126.4661, 36.8658], [126.5844, 36.8794], [126.7703, 36.7203],
        [126.0397, 36.9808]
      ],
      "floor_ft": 14500,
      "ceiling_ft": 18500,
      "remarks": "50 NM Arc South of Gimpo Airport included"
    },
    {
      "id": "s1_seoul",
      "name": "S1 - Seoul TMA (Incheon IFP Protected Area)",
      "call_sign": "Seoul Approach",
      "vertical_limits": "6,000 ft AMSL / 1,600 ft AMSL",
      "airspace_class": "B, E",
      "frequencies": ["119.05", "119.10"],
      "color": "#5A2A58",
      "coordinates": [
        [126.2744, 37.6981], [126.4925, 37.7267], [126.5694, 37.7022],
        [126.2433, 37.6603], [126.2458, 37.6794], [126.2744, 37.6981]
      ],
      "floor_ft": 1600,
      "ceiling_ft": 6000,
      "remarks": "Controlled IFR aircraft by Seoul Approach only. VFR aircraft do not use this area."
    },
    {
      "id": "t11_osan",
      "name": "T11 - Osan TMA",
      "call_sign": "Osan Approach",
      "vertical_limits": "6,500 ft AMSL / 1,000 ft AGL",
      "airspace_class": "D, E",
      "frequencies": ["127.90", "363.10"],
      "operator": "USAF",
      "color": "#E74C3C",
      "coordinates": [
        [125.8025, 37.0881], [126.3661, 37.0994], [126.5286, 37.1397],
        [126.7261, 37.1594], [126.9936, 37.2258], [127.0419, 37.0886],
        [126.5908, 36.9897], [126.5544, 37.0139], [126.2764, 37.0139],
        [125.8064, 36.9397], [125.8025, 37.0881]
      ],
      "floor_ft": 1000,
      "ceiling_ft": 6500
    },
    {
      "id": "t12_osan",
      "name": "T12 - Osan TMA",
      "call_sign": "Osan Approach",
      "vertical_limits": "6,500 ft AMSL / 4,500 ft AMSL",
      "airspace_class": "D, E",
      "frequencies": ["127.90", "363.10"],
      "operator": "USAF",
      "color": "#C0392B",
      "coordinates": [
        [126.2764, 37.0139], [126.5544, 37.0139], [126.5908, 36.9897],
        [126.4811, 36.9694], [126.2764, 37.0139]
      ],
      "floor_ft": 4500,
      "ceiling_ft": 6500
    },
    {
      "id": "t13_osan",
      "name": "T13 - Osan TMA",
      "call_sign": "Osan Approach",
      "vertical_limits": "9,500 ft AMSL / 4,500 ft AMSL",
      "airspace_class": "D, E",
      "frequencies": ["127.90", "363.10"],
      "operator": "USAF",
      "color": "#A93226",
      "coordinates": [
        [126.4811, 36.9694], [126.5908, 36.9897], [126.5603, 37.0089],
        [126.5844, 36.8794], [126.4811, 36.9694]
      ],
      "floor_ft": 4500,
      "ceiling_ft": 9500
    },
    {
      "id": "t14_osan",
      "name": "T14 - Osan TMA",
      "call_sign": "Osan Approach",
      "vertical_limits": "11,500 ft AMSL / 4,500 ft AMSL",
      "airspace_class": "E",
      "frequencies": ["127.90", "363.10"],
      "operator": "USAF",
      "color": "#922B21",
      "coordinates": [
        [126.5844, 36.8794], [126.5603, 37.0089], [126.7408, 37.1208],
        [126.5844, 36.8794]
      ],
      "floor_ft": 4500,
      "ceiling_ft": 11500
    },
    {
      "id": "t15_osan",
      "name": "T15 - Osan TMA",
      "call_sign": "Osan Approach",
      "vertical_limits": "11,500 ft AMSL / 1,000 ft AGL",
      "airspace_class": "D, E",
      "frequencies": ["127.90", "363.10"],
      "operator": "USAF",
      "color": "#7B241C",
      "coordinates": [
        [126.5603, 37.0089], [127.6644, 37.0417], [127.6644, 37.0350],
        [126.7703, 36.7203], [126.7408, 37.1208], [126.5603, 37.0089]
      ],
      "floor_ft": 1000,
      "ceiling_ft": 11500,
      "remarks": "50 NM Arc South of Gimpo Airport included"
    },
    {
      "id": "t16_osan",
      "name": "T16 - Osan TMA",
      "call_sign": "Osan Approach",
      "vertical_limits": "FL 145 / 1,000 ft AGL",
      "airspace_class": "D, E",
      "frequencies": ["127.90", "363.10"],
      "operator": "USAF",
      "color": "#641E16",
      "coordinates": [
        [126.7703, 36.7203], [127.6644, 37.0350], [127.0794, 37.0128],
        [127.0597, 36.3864], [126.5414, 36.8794], [126.5911, 36.8794],
        [126.8864, 36.8977], [126.7703, 36.7203]
      ],
      "floor_ft": 1000,
      "ceiling_ft": 14500,
      "remarks": "50 NM Arc South of Gimpo Airport included"
    },
    {
      "id": "t17_osan",
      "name": "T17 - Osan/Jungwon TMA",
      "call_sign": "Cheongju GCA",
      "vertical_limits": "FL 145 / 6,500 ft AMSL",
      "airspace_class": "D, E",
      "frequencies": ["134.00", "265.75"],
      "color": "#4D5656",
      "coordinates": [
        [127.6644, 37.0350], [127.6644, 36.8364], [127.0597, 36.3864],
        [127.0794, 37.0128], [127.6644, 37.0350]
      ],
      "floor_ft": 6500,
      "ceiling_ft": 14500
    },
    {
      "id": "t18_jungwon",
      "name": "T18 - Jungwon TMA",
      "call_sign": "Jungwon Approach",
      "vertical_limits": "FL 175 / 1,000 ft AGL",
      "airspace_class": "C, E",
      "frequencies": ["132.55", "306.70"],
      "color": "#EB984E",
      "coordinates": [
        [127.6644, 37.1111], [127.8478, 37.1194], [127.9128, 37.1694],
        [128.0586, 37.2344], [128.3256, 37.5194], [128.6061, 37.5519],
        [128.6811, 37.1194], [128.1586, 36.8361], [127.6644, 37.1111]
      ],
      "floor_ft": 1000,
      "ceiling_ft": 17500
    },
    {
      "id": "t19_jungwon",
      "name": "T19 - Jungwon TMA",
      "call_sign": "Jungwon Approach",
      "vertical_limits": "FL 145 / 1,000 ft AGL",
      "airspace_class": "D, E",
      "frequencies": ["132.55", "306.70"],
      "color": "#D68910",
      "coordinates": [
        [127.6644, 37.1111], [128.1586, 36.8361], [127.9586, 36.7475],
        [127.8419, 36.7508], [128.1586, 36.4864], [127.0597, 37.0597],
        [127.2033, 36.2033], [127.0597, 36.3864], [127.6644, 37.1111]
      ],
      "floor_ft": 1000,
      "ceiling_ft": 14500
    },
    {
      "id": "t20_jungwon",
      "name": "T20 - Jungwon TMA",
      "call_sign": "Jungwon Approach",
      "vertical_limits": "FL 145 / 5,500 ft AMSL",
      "airspace_class": "D, E",
      "frequencies": ["132.55", "306.70"],
      "color": "#B9770E",
      "coordinates": [
        [127.9586, 36.7475], [128.1586, 36.8361], [127.8419, 36.8361],
        [127.8419, 36.7508], [127.9586, 36.7475]
      ],
      "floor_ft": 5500,
      "ceiling_ft": 14500
    },
    {
      "id": "t21_jungwon",
      "name": "T21 - Jungwon TMA",
      "call_sign": "Jungwon Approach",
      "vertical_limits": "3,500 ft AMSL / 1,000 ft AGL",
      "airspace_class": "C, E",
      "frequencies": ["132.55", "306.70"],
      "color": "#9C640C",
      "coordinates": [
        [127.6644, 37.1111], [127.7653, 37.1694], [127.9128, 37.1694],
        [127.8478, 37.1194], [127.6644, 37.1111]
      ],
      "floor_ft": 1000,
      "ceiling_ft": 3500
    },
    {
      "id": "t22_jungwon",
      "name": "T22 - Jungwon TMA",
      "call_sign": "Jungwon Approach",
      "vertical_limits": "FL 175 / 9,500 ft AMSL",
      "airspace_class": "E",
      "frequencies": ["132.55", "306.70"],
      "color": "#7E5109",
      "coordinates": [
        [128.1586, 36.8361], [128.6811, 37.1194], [128.4586, 36.7914],
        [128.2919, 36.7486], [128.1586, 36.8361]
      ],
      "floor_ft": 9500,
      "ceiling_ft": 17500
    },
    {
      "id": "t23_jeju",
      "name": "T23 - Jeju TMA",
      "call_sign": "Jeju Approach",
      "vertical_limits": "FL 165 / 1,000 ft AGL",
      "airspace_class": "B, D, E",
      "frequencies": ["120.425", "121.20", "124.05", "317.70", "279.80"],
      "color": "#FFB347",
      "coordinates": [
        [125.9981, 33.0033], [125.9981, 34.2531], [127.3314, 34.2536],
        [127.3314, 33.2700], [126.9981, 33.0033], [125.9981, 33.0033]
      ],
      "floor_ft": 1000,
      "ceiling_ft": 16500,
      "remarks": "RADAR unuse 150-200 deg beyond 23NM below FL150"
    },
    {
      "id": "t43_jeju",
      "name": "T43 - Jeju TMA",
      "call_sign": "Jeju Approach",
      "vertical_limits": "FL 165 / 6,000 ft AMSL",
      "airspace_class": "E",
      "frequencies": ["120.425", "121.20"],
      "color": "#FFA337",
      "coordinates": [
        [125.8258, 33.0033], [125.8258, 34.2531], [125.9981, 34.2531],
        [125.9981, 33.0033], [125.8258, 33.0033]
      ],
      "floor_ft": 6000,
      "ceiling_ft": 16500
    },
    {
      "id": "t24_gangneung",
      "name": "T24 - Gangneung TMA",
      "call_sign": "Gangneung Approach",
      "vertical_limits": "FL 225 / 1,000 ft AGL",
      "airspace_class": "C, D, E",
      "frequencies": ["124.60", "304.00"],
      "color": "#BB8FCE",
      "coordinates": [
        [128.5311, 38.1361], [128.5978, 38.2028], [129.8475, 38.2028],
        [129.8475, 37.1194], [128.6811, 37.1194], [128.5086, 38.0811],
        [128.5311, 38.1361]
      ],
      "floor_ft": 1000,
      "ceiling_ft": 22500,
      "remarks": "ATS routes excluded"
    },
    {
      "id": "t25_gangneung",
      "name": "T25 - Gangneung TMA",
      "call_sign": "Gangneung Approach",
      "vertical_limits": "FL 145 / 1,000 ft AGL",
      "airspace_class": "D, E",
      "frequencies": ["124.60", "304.00"],
      "color": "#A87FBE",
      "coordinates": [
        [128.55, 38.2667], [128.75, 38.3525], [129.0, 38.35],
        [129.0, 38.2028], [128.5978, 38.2028], [128.55, 38.2667]
      ],
      "floor_ft": 1000,
      "ceiling_ft": 14500
    },
    {
      "id": "t26_gimhae",
      "name": "T26 - Gimhae TMA",
      "call_sign": "Gimhae Approach",
      "vertical_limits": "FL 225 / 1,000 ft AGL",
      "airspace_class": "C, D, E",
      "frequencies": ["119.20", "125.50", "134.40", "135.70", "225.10", "230.10", "253.80", "363.80"],
      "color": "#87CEEB",
      "coordinates": [
        [128.4922, 35.5031], [128.5611, 35.4797], [128.7739, 35.5072],
        [129.0311, 35.5031], [129.0894, 35.4197], [129.8256, 35.4197],
        [129.7978, 35.2369], [128.8589, 34.5031], [128.4922, 34.5031],
        [128.4922, 35.5031]
      ],
      "floor_ft": 1000,
      "ceiling_ft": 22500,
      "remarks": "ATS routes excluded"
    },
    {
      "id": "t27_gunsan",
      "name": "T27 - Gunsan TMA",
      "call_sign": "Gunsan Approach",
      "vertical_limits": "FL 225 / 1,000 ft AGL",
      "airspace_class": "C, E",
      "frequencies": ["124.10", "292.65"],
      "color": "#85C1E9",
      "coordinates": [
        [126.5314, 36.3864], [125.8147, 36.3858], [125.8258, 35.5031],
        [126.4978, 35.5031], [126.6097, 35.9131], [126.5314, 36.3864]
      ],
      "floor_ft": 1000,
      "ceiling_ft": 22500
    },
    {
      "id": "t28_gunsan",
      "name": "T28 - Gunsan TMA",
      "call_sign": "Gunsan Approach",
      "vertical_limits": "FL 145 / 1,000 ft AGL",
      "airspace_class": "C, D, E",
      "frequencies": ["124.10", "292.65"],
      "color": "#75B1D9",
      "coordinates": [
        [126.5314, 36.3864], [127.0597, 36.3864], [127.6108, 36.2033],
        [127.6108, 35.7531], [127.1597, 35.7531], [126.8258, 35.5031],
        [126.4978, 35.5031], [126.6097, 35.9131], [126.5314, 36.3864]
      ],
      "floor_ft": 1000,
      "ceiling_ft": 14500
    },
    {
      "id": "t29_gwangju",
      "name": "T29 - Gwangju TMA",
      "call_sign": "Gwangju Approach",
      "vertical_limits": "FL 225 / 1,000 ft AGL",
      "airspace_class": "C, D, E",
      "frequencies": ["130.00", "228.90"],
      "color": "#98D8C8",
      "coordinates": [
        [125.8258, 35.5031], [126.8258, 35.5031], [127.1597, 35.7531],
        [127.6108, 35.7531], [127.8258, 35.5031], [126.9919, 34.2531],
        [125.8258, 34.2531], [125.8258, 35.5031]
      ],
      "floor_ft": 1000,
      "ceiling_ft": 22500,
      "remarks": "ATS routes excluded"
    },
    {
      "id": "t30_gwangju",
      "name": "T30 - Gwangju TMA",
      "call_sign": "Gwangju Approach",
      "vertical_limits": "FL 225 / 13,500 ft AMSL",
      "airspace_class": "E",
      "frequencies": ["130.00", "228.90"],
      "color": "#88C8B8",
      "coordinates": [
        [127.6475, 35.2197], [127.3144, 35.1519], [127.3144, 34.7339],
        [127.6475, 35.2197]
      ],
      "floor_ft": 13500,
      "ceiling_ft": 22500
    },
    {
      "id": "t31_sacheon",
      "name": "T31 - Sacheon TMA",
      "call_sign": "Sacheon Approach",
      "vertical_limits": "FL 195 / 1,000 ft AGL",
      "airspace_class": "C, D, E",
      "frequencies": ["135.40", "344.70"],
      "color": "#F8B500",
      "coordinates": [
        [127.8258, 35.5031], [128.4922, 35.5031], [128.4922, 34.2536],
        [126.9919, 34.2531], [127.8258, 35.5031]
      ],
      "floor_ft": 1000,
      "ceiling_ft": 19500,
      "remarks": "ATS routes excluded"
    },
    {
      "id": "t32_pohang",
      "name": "T32 - Pohang TMA",
      "call_sign": "Pohang Approach",
      "vertical_limits": "10,500 ft AMSL / 1,000 ft AGL",
      "airspace_class": "C, E",
      "frequencies": ["120.20", "232.40", "124.25"],
      "color": "#58D68D",
      "coordinates": [
        [128.6644, 36.3364], [129.8478, 36.3364], [129.8256, 35.8364],
        [129.25, 36.0], [129.0833, 36.1], [128.6644, 36.3364]
      ],
      "floor_ft": 1000,
      "ceiling_ft": 10500,
      "remarks": "ATS routes excluded"
    },
    {
      "id": "t33_pohang",
      "name": "T33 - Pohang TMA",
      "call_sign": "Pohang Approach",
      "vertical_limits": "10,500 ft AMSL / 1,000 ft AGL",
      "airspace_class": "C, D, E",
      "frequencies": ["120.20", "232.40"],
      "color": "#48C68D",
      "coordinates": [
        [129.25, 36.0], [129.8256, 35.8364], [129.8256, 35.4197],
        [129.1589, 35.4197], [129.2222, 35.65], [129.25, 35.75], [129.25, 36.0]
      ],
      "floor_ft": 1000,
      "ceiling_ft": 10500
    },
    {
      "id": "t34_pohang",
      "name": "T34 - Pohang TMA",
      "call_sign": "Pohang Approach",
      "vertical_limits": "7,500 ft AMSL / 1,000 ft AGL",
      "airspace_class": "C, E",
      "frequencies": ["120.20", "232.40"],
      "color": "#38B67D",
      "coordinates": [
        [129.0833, 36.1], [129.25, 36.0], [129.25, 35.75],
        [129.2222, 35.65], [129.1667, 35.8167], [129.0833, 36.1]
      ],
      "floor_ft": 1000,
      "ceiling_ft": 7500
    },
    {
      "id": "t42_pohang",
      "name": "T42 - Pohang TMA",
      "call_sign": "Pohang Approach",
      "vertical_limits": "9,500 ft AMSL / 1,000 ft AGL",
      "airspace_class": "C, D, E",
      "frequencies": ["120.20", "232.40"],
      "color": "#28A66D",
      "coordinates": [
        [129.2678, 37.1194], [129.8475, 37.1194], [129.8478, 36.3364],
        [129.4353, 36.3686], [129.4353, 36.9353], [129.2678, 37.1194]
      ],
      "floor_ft": 1000,
      "ceiling_ft": 9500
    },
    {
      "id": "t35_daegu",
      "name": "T35 - Daegu TMA",
      "call_sign": "Daegu Approach",
      "vertical_limits": "FL 225 / 1,000 ft AGL",
      "airspace_class": "C, E",
      "frequencies": ["135.90", "346.30"],
      "color": "#F7DC6F",
      "coordinates": [
        [128.1586, 36.4864], [128.3928, 36.4864], [128.6644, 36.3364],
        [129.0833, 36.1], [129.0739, 35.9036], [129.1667, 35.8167],
        [129.1589, 35.4197], [129.0894, 35.4197], [129.0256, 35.5031],
        [128.7739, 35.5072], [128.5611, 35.4797], [128.4922, 35.5031],
        [127.8258, 35.5031], [127.6108, 35.7531], [127.2033, 36.2033],
        [127.1644, 36.4978], [128.1586, 36.4864]
      ],
      "floor_ft": 1000,
      "ceiling_ft": 22500,
      "remarks": "ATS routes excluded"
    },
    {
      "id": "t36_yecheon",
      "name": "T36 - Yecheon TMA",
      "call_sign": "Yecheon Approach",
      "vertical_limits": "FL 225 / 1,000 ft AGL",
      "airspace_class": "C, E",
      "frequencies": ["134.50", "229.35"],
      "color": "#AF7AC5",
      "coordinates": [
        [128.6811, 37.1194], [129.2678, 37.1194], [129.4353, 36.9353],
        [129.4353, 36.3686], [128.6644, 36.3364], [128.3928, 36.4864],
        [128.1586, 36.4864], [128.2958, 36.7669], [128.4628, 36.8028],
        [128.6811, 37.1194]
      ],
      "floor_ft": 1000,
      "ceiling_ft": 22500,
      "remarks": "ATS routes excluded"
    },
    {
      "id": "t37_haemi",
      "name": "T37 - Haemi TMA",
      "call_sign": "Haemi Approach",
      "vertical_limits": "FL 145 / 1,000 ft AGL",
      "airspace_class": "C, E",
      "frequencies": ["124.60", "229.25", "253.95"],
      "color": "#5DADE2",
      "coordinates": [
        [125.8064, 36.9478], [126.2764, 37.0139], [126.4314, 36.9847],
        [126.5844, 36.8794], [126.7408, 37.1208], [126.8864, 36.8977],
        [126.5411, 36.8794], [126.5147, 36.3858], [125.8147, 36.3858],
        [125.8064, 36.9478]
      ],
      "floor_ft": 1000,
      "ceiling_ft": 14500,
      "remarks": "ATS routes excluded"
    },
    {
      "id": "t38_haemi",
      "name": "T38 - Haemi TMA",
      "call_sign": "Haemi Approach",
      "vertical_limits": "11,500 ft AMSL / 1,000 ft AGL",
      "airspace_class": "C, E",
      "frequencies": ["124.60", "229.25"],
      "color": "#4D9DD2",
      "coordinates": [
        [126.4314, 36.9847], [126.4811, 36.9694], [126.5844, 36.8794],
        [126.4661, 36.8658], [126.4314, 36.9847]
      ],
      "floor_ft": 1000,
      "ceiling_ft": 11500
    },
    {
      "id": "t39_haemi",
      "name": "T39 - Haemi TMA",
      "call_sign": "Haemi Approach",
      "vertical_limits": "4,500 ft AMSL / 1,000 ft AGL",
      "airspace_class": "E",
      "frequencies": ["124.60", "229.25"],
      "color": "#3D8DC2",
      "coordinates": [
        [126.2764, 37.0139], [126.5544, 37.0139], [126.5603, 37.0089],
        [126.5844, 36.8794], [126.4811, 36.9694], [126.4314, 36.9847],
        [126.2764, 37.0139]
      ],
      "floor_ft": 1000,
      "ceiling_ft": 4500
    },
    {
      "id": "t02_wonju",
      "name": "T02 - Wonju TMA",
      "call_sign": "Wonju Approach",
      "vertical_limits": "FL 175 / 1,000 ft AGL",
      "airspace_class": "C, E",
      "frequencies": ["135.725", "234.40", "130.2"],
      "color": "#48C9B0",
      "coordinates": [
        [127.6644, 37.9694], [127.9128, 38.0028], [127.9128, 37.1694],
        [127.7653, 37.1694], [127.6644, 37.1111], [127.6644, 37.9694]
      ],
      "floor_ft": 1000,
      "ceiling_ft": 17500,
      "remarks": "ATS routes excluded"
    },
    {
      "id": "t40_wonju",
      "name": "T40 - Wonju TMA",
      "call_sign": "Wonju Approach",
      "vertical_limits": "FL 175 / 3,600 ft AGL",
      "airspace_class": "E",
      "frequencies": ["135.725", "234.40"],
      "color": "#42B9A0",
      "coordinates": [
        [127.6644, 37.1111], [127.7653, 37.1694], [127.9128, 37.1694],
        [127.8478, 37.1194], [127.6644, 37.1111]
      ],
      "floor_ft": 3600,
      "ceiling_ft": 17500
    },
    {
      "id": "t41_wonju",
      "name": "T41 - Wonju TMA",
      "call_sign": "Wonju Approach",
      "vertical_limits": "FL 175 / 1,000 ft AGL",
      "airspace_class": "C, D, E",
      "frequencies": ["135.725", "234.40"],
      "color": "#52C9B0",
      "coordinates": [
        [127.9128, 38.0028], [128.5086, 38.0811], [128.6061, 37.5519],
        [128.3256, 37.5194], [128.0586, 37.2344], [127.9128, 37.1694],
        [127.9128, 38.0028]
      ],
      "floor_ft": 1000,
      "ceiling_ft": 17500
    }
  ]
}
